transfer,sendCpuUtil,sendDiskUtil,sendProcNum,sendTransferCpu,recvCpuUtil,recvDiskUtil,recvProcNum,recvTransferCpu,btlNckRate,dur,size,rate
137,91.2719512195,31.5645098039,657.609756098,11.0827160494,100.0,23.1916503268,418.833333333,24.28,460.265549375,195.16,10.0,440
194,100.0,19.0275863991,1045.48387097,1.80357142857,100.0,14.3229152731,412.923497268,9.87540983607,106.978484916,300.25,3.58,102
26,100.0,27.4281860037,484.337837838,6.52083333333,100.0,23.8461141805,418.580952381,27.5,1000,173.19,10.0,496
156,91.9656846473,30.9495694444,709.265822785,8.83604651163,100.0,20.9782019364,415.907142857,21.8721428571,387.633697009,231.73,9.99,370
202,97.0043,25.9124247492,825.113924051,3.47012987013,100.0,2.46607580825,610.11965812,5.38290598291,208.06336556,300.17,6.93,198
203,96.5824666667,28.6233835006,866.418918919,2.68461538462,100.0,2.68643255295,614.10619469,5.55575221239,197.300971636,300.31,6.60,189
208,96.9215,27.1489687848,882.861111111,3.372,100.0,4.57410813824,612.788135593,5.08983050847,185.626654944,300.05,6.19,177
214,97.7754666667,31.0250222965,864.044117647,3.42575757576,100.0,6.4434671126,515.767123288,7.41917808219,223.912715564,300.06,7.47,214
242,100.0,23.0027257525,1182.34482759,1.77307692308,100.0,7.66816610925,573.79389313,5.45877862595,108.791177693,300.18,3.64,104
166,95.5911740891,32.9171680217,726.324675325,9.88133333333,100.0,19.583414305,418.458333333,15.8784722222,377.480067034,237.97,10.0,361
212,96.9725333333,31.6356075808,842.527777778,3.62463768116,100.0,6.5956187291,518.517482517,7.82797202797,228.119818766,300.12,7.61,218
161,93.5241754386,27.6157100939,715.47311828,7.31098901099,100.0,29.131625731,414.790419162,22.245508982,324.015934983,277.22,10.0,310
104,75.8633333333,19.0429487179,574.5,8.4036809816,100.0,4.50196767001,613.064814815,5.01666666667,1000,300.02,6.82,195
209,97.6618333333,30.644793757,848.471428571,4.19275362319,100.0,8.49585284281,514.135714286,7.60428571429,230.514957312,300.04,7.70,220
9,13.2529661017,46.1201709402,364.303797468,16.9077922078,100.0,26.8217236467,420.294117647,31.2426470588,1000,109.71,10.0,783
36,100.0,21.572397892,526.181818182,4.96511627907,100.0,23.5796772069,414.513333333,19.9093333333,1000,246.41,10.0,349
54,37.48696,23.8425301205,463.230769231,12.1967532468,100.0,9.74384,497.823529412,11.5243697479,1000,231.53,9.98,370
198,98.7222333333,25.3176365663,803.55,3.47435897436,100.0,5.35937012263,615.083333333,5.00555555556,205.527891057,300.12,6.86,196
164,95.625465587,30.470799458,720.063291139,9.48571428571,100.0,21.854233871,422.821917808,21.6095890411,377.458369745,237.98,10.0,361
91,100.0,23.9913954802,612.058139535,4.49397590361,100.0,12.7895141243,494.964788732,11.0049295775,1000,277.76,10.0,309
144,90.5682656827,26.9676296296,691.53,7.11081081081,100.0,23.9736728395,417.58490566,21.7748427673,342.595613807,262.19,10.0,328
96,99.9979333333,19.0341471572,680.14516129,2.65076923077,100.0,11.4437625418,415.865921788,10.6502793296,1000,300.63,6.06,173
223,100.0,24.748690078,1111.65714286,2.1303030303,100.0,9.63415830546,512.939189189,6.49256756757,123.520270087,300.17,4.13,118
98,99.9979333333,18.7794147157,683.967213115,2.80677966102,100.0,10.0921906355,414.538888889,9.35888888889,1000,300.09,5.75,165
222,100.0,25.804916388,1110.5,2.13235294118,100.0,8.5495039019,513.100671141,6.5033557047,122.584335169,300.41,4.10,117
180,100.0,21.2608862876,805.06,2.68085106383,100.0,18.3012931996,415.446927374,13.2346368715,155.912122027,300.13,5.21,149
150,90.4429333333,16.0324247492,699.302752294,3.79158878505,100.0,46.7356410256,418.905027933,23.6703910615,96.5458061188,300.06,3.23,92.3
238,100.0,25.9891471572,1183.45454545,2.17333333333,100.0,10.5549386845,540.482993197,6.79659863946,124.361208971,300.09,4.15,119
77,99.9995219124,23.6056733333,582.931818182,4.13294117647,100.0,7.53119333333,477.053435115,12.7282442748,1000,234.27,9.98,366
231,100.0,25.9445652174,1015.86111111,2.27272727273,100.0,12.9831828317,527.647887324,7.22112676056,125.793854417,300.20,4.20,120
171,97.3890252708,29.5448731884,736.127906977,7.74,100.0,26.4919927536,418.851851852,21.1462962963,335.747745274,267.55,10.0,321
24,100.0,24.717839196,476.085365854,7.3075,100.0,22.2795561139,416.186440678,24.1754237288,1000,191.69,10.0,448
31,99.998503937,19.4961264822,505.233333333,4.94526315789,100.0,24.956916996,412.58,19.4253333333,1000,245.55,10.0,350
82,100.0,26.5650506971,592.731707317,3.88101265823,100.0,9.2079040404,497.62601626,10.6219512195,1000,243.43,9.99,353
102,74.6949,21.024916388,566.976744186,7.4,100.0,3.14592530658,613.068965517,5.58706896552,1000,300.00,7.50,215
174,97.9128158845,30.3763707729,742.329411765,8.31445783133,100.0,19.1733153477,416.725609756,15.537804878,335.003124636,268.14,10.0,320
65,45.7746,19.4167001115,490.24,10.1852791878,100.0,6.65178372352,515.14,9.12066666667,1000,300.00,9.62,275
42,29.8796261682,26.8319561815,434.222222222,13.1082706767,100.0,9.45450704225,477.844036697,13.8963302752,1000,197.58,9.98,434
193,100.0,19.1447881828,1097.66666667,1.68888888889,100.0,15.1560925307,412.109289617,10.406010929,110.969387219,300.29,3.71,106
64,47.0704745763,23.1594444444,493.093922652,12.1351955307,100.0,7.77496610169,517.827067669,8.72932330827,1000,269.58,9.98,318
74,99.9979079498,24.3493417367,569.694117647,5.93855421687,100.0,9.94371148459,476.109243697,12.9260504202,1000,221.98,9.98,386
119,99.9996,18.8901895206,735.456140351,2.75818181818,100.0,7.79590858417,561.0390625,6.3515625,1000,300.07,5.43,155
157,91.3363519313,32.3052945402,728.184210526,8.8027027027,100.0,20.4393462644,414.109489051,17.6182481752,402.731220158,223.04,10.0,385
177,100.0,20.8127536232,788.019607843,2.30185185185,100.0,17.4979152731,414.438888889,12.9633333333,160.564018448,300.09,5.36,154
58,40.4745724907,22.642960199,469.602409639,11.8347560976,100.0,9.88854399009,495.380952381,10.8928571429,1000,246.47,9.98,348
40,99.9990671642,20.8488451935,517.597826087,4.96222222222,100.0,15.4425905119,413.935897436,20.3301282051,1000,260.08,10.0,330
2,9.89570175439,48.5519911504,351.052631579,13.6905405405,100.0,25.8367846608,420.23880597,32.352238806,1000,109.03,10.0,788
124,82.7466,20.1217781494,632.353383459,4.16641221374,100.0,45.0567447046,424.283236994,25.7791907514,187.180664209,300.05,6.25,179
75,99.999496124,24.4017380026,563.891304348,4.05263157895,100.0,9.17089494163,475.317829457,12.7751937984,1000,240.63,9.99,357
244,100.0,23.0947881828,1253.14285714,1.72,100.0,8.61565774805,574.238461538,4.72615384615,104.294606514,300.26,3.49,99.7
33,100.0,20.7038394062,494.677777778,5.52272727273,100.0,19.4547503374,414.618055556,20.63125,1000,239.62,10.0,358
146,89.3666523605,32.7866522989,691.529411765,9.9,100.0,24.8536337625,418.248175182,22.5211678832,400.111046129,224.50,10.0,383
184,100.0,21.9297435897,852.708333333,2.54,100.0,18.9656298774,418.414364641,14.3596685083,153.355686933,300.23,5.13,147
168,96.1581333333,22.0314437012,738.03125,4.18510638298,100.0,35.8187235229,420.111731844,22.9737430168,182.786117241,300.10,6.11,175
89,99.9995419847,26.2238888889,610.571428571,3.99625,100.0,12.2641443167,497.903225806,11.0387096774,1000,243.13,10.0,353
112,100.0,18.8242920847,755.931034483,2.42575757576,100.0,7.83746376812,566.694656489,6.20610687023,1000,300.09,5.39,154
109,78.5617333333,19.6601560758,589.713414634,7.66728395062,100.0,11.0669063545,612.75,5.45892857143,1000,300.02,6.69,192
79,100.0,21.6464041995,580.681818182,4.46395348837,100.0,8.00602362205,477.763779528,12.425984252,1000,236.92,9.99,362
44,29.6370852018,25.7540690691,438.283687943,12.2407142857,100.0,13.9411786787,476.669642857,12.9794642857,1000,207.00,9.99,414
206,96.8802,29.0956020067,856.333333333,4.11506849315,100.0,2.55890189521,614.598214286,5.36607142857,207.905584617,300.08,6.93,199
106,76.0565666667,20.2686845039,587.49375,8.10063291139,100.0,5.57553511706,614.963302752,5.42935779817,1000,300.02,6.99,200
56,38.7325,22.2900063371,468.626506024,13.4420731707,100.0,11.5434217172,497.063492063,10.8595238095,1000,240.20,9.98,357
136,91.1257079646,29.6065481481,661.681318681,10.6865168539,100.0,28.5386061947,420.827067669,25.1661654135,413.894080324,217.02,10.0,396
181,100.0,21.6867502787,852.604166667,2.57608695652,100.0,16.7844537347,415.276243094,12.0806629834,156.807693189,300.12,5.24,150
57,40.505,23.3792458809,474.475308642,13.01625,100.0,12.4125158428,499.708661417,10.9842519685,1000,241.14,9.99,356
28,99.9986979167,26.017539267,484.298701299,7.088,100.0,24.9304624782,417.079646018,23.6681415929,1000,183.55,10.0,468
215,98.3739666667,31.2545373467,900.088235294,4.62727272727,100.0,7.46762541806,513.693333333,7.55266666667,229.232744714,300.11,7.65,219
73,99.9995,25.1170990237,581.880952381,4.19390243902,100.0,11.6208019526,478.0,12.7741935484,1000,220.25,9.99,390
66,47.58221843,21.9669406393,489.238888889,12.4146067416,100.0,10.1661415525,517.167938931,8.9893129771,1000,267.53,9.99,321
248,100.0,22.3590746934,1196.77777778,1.732,100.0,7.08423634337,584.238095238,5.04603174603,100.792768448,300.20,3.37,96.4
240,100.0,22.8258918618,1209.42857143,1.80769230769,100.0,7.53358416945,577.230769231,5.88153846154,108.14258049,300.16,3.61,103
71,100.0,23.2945504841,562.454545455,4.48488372093,100.0,10.4010330579,477.475806452,12.5040322581,1000,223.58,9.99,384
218,98.7852333333,31.652909699,908.318181818,5.40153846154,100.0,6.68026755853,514.719178082,8.10821917808,226.308850839,300.24,7.56,216
132,89.1472333333,15.6150111483,648.207692308,5.84492753623,100.0,43.0078762542,423.06741573,24.1123595506,96.5724894162,300.08,3.23,92.4
20,100.0,31.4430769231,452.191780822,9.3014084507,100.0,28.0151923077,415.373626374,29.2021978022,1000,148.85,10.0,577
118,100.0,18.238400223,721.5,2.46727272727,100.0,8.28377926421,563.886363636,5.63863636364,1000,300.62,5.19,148
154,90.6860687023,28.9541954023,700.443181818,8.25348837209,100.0,29.1084287532,416.129032258,20.6929032258,354.828072112,253.16,10.0,339
196,100.0,18.963567447,1099.86206897,1.68888888889,100.0,14.1201505017,409.442622951,10.3540983607,108.213470474,300.11,3.62,103
165,95.2646215139,31.93166,730.3375,10.3076923077,100.0,19.8695,414.517006803,19.6578231293,371.92007578,241.54,10.0,356
83,100.0,26.7373155216,588.271604938,4.26582278481,100.0,11.6930152672,497.154471545,11.5260162602,1000,240.65,9.98,356
226,100.0,26.2078818283,1105.77777778,2.11176470588,100.0,8.83040691193,517.972789116,6.23673469388,119.6308225,300.27,4.00,114
241,100.0,22.6392474916,1242.14285714,1.82,100.0,7.94682831661,570.766129032,5.32016129032,111.038324472,300.39,3.71,106
237,100.0,25.1485730212,1166.57575758,2.12666666667,100.0,9.48022296544,537.643356643,7.27132867133,123.624803945,300.12,4.13,118
103,75.8346666667,19.2249219621,571.822857143,8.58265895954,100.0,9.71798216276,615.939130435,5.22260869565,1000,300.02,6.28,180
130,89.7206214689,35.4302651515,644.945945946,12.435,100.0,20.7902935606,422.682692308,22.0538461538,533.659075285,168.32,10.0,510
90,100.0,21.8777926421,608.010752688,3.28021978022,100.0,5.13947045708,496.906666667,10.8826666667,1000,300.01,9.69,277
30,99.9993650794,26.0055673759,486.315789474,7.08378378378,100.0,23.9580851064,414.327272727,27.7090909091,1000,180.76,10.0,475
92,100.0,18.5194593088,697.765625,2.87741935484,100.0,11.6475139353,413.510989011,10.5598901099,1000,300.13,6.00,172
224,100.0,25.3581382386,1066.78378378,2.10285714286,100.0,9.70906354515,514.447552448,6.12657342657,120.436991972,300.21,4.02,115
52,36.1834082397,23.113433584,451.946107784,12.1448484848,100.0,9.47166666667,494.984615385,10.5053846154,1000,244.97,9.98,350
105,75.7852,19.4063991081,578.296296296,7.90943396226,100.0,4.15071906355,612.135135135,5.36036036036,1000,300.00,6.81,195
10,15.2121818182,53.3429510703,369.125,18.8757142857,100.0,29.3822171254,420.242424242,28.7348484848,1000,101.65,10.0,845
108,77.6453,19.7646544036,582.716049383,7.540625,100.0,4.32478818283,614.628318584,5.65486725664,1000,300.10,7.27,208
234,100.0,26.1357859532,1092.45714286,2.03333333333,100.0,9.95613712375,525.52739726,6.89109589041,121.445374534,300.32,4.06,116
142,89.5010666667,20.2104459309,683.605263158,4.89910714286,100.0,39.316148272,418.219101124,23.002247191,186.321165777,300.03,6.22,178
110,78.5368,21.0188405797,596.559748428,7.5880239521,100.0,7.416393534,615.247706422,5.3376146789,1000,300.01,7.27,208
72,99.9988095238,27.3117703349,576.565789474,5.2904109589,100.0,9.33327777778,475.196261682,14.0663551402,1000,193.15,9.98,444
188,100.0,18.492706243,1011.74193548,1.78620689655,100.0,12.7246488294,409.475409836,10.2032786885,109.19176948,300.26,3.65,104
13,99.99704,41.3349731183,434.237288136,9.67543859649,100.0,22.2232795699,417.5,28.7662162162,1000,116.07,10.0,740
85,99.998576779,24.7028195489,589.827160494,4.64430379747,100.0,9.99515037594,495.559055118,10.8527559055,1000,245.57,10.0,350
160,92.6837666667,25.2763489409,705.47,5.19897959184,100.0,35.038277592,417.625698324,23.3279329609,263.278863562,300.18,8.80,252
21,100.0,25.4760291439,467.052631579,7.07972972973,100.0,27.7301821494,416.972477064,24.5963302752,1000,175.35,10.0,490
1,10.9951020408,58.9736426117,347.753846154,12.0634920635,100.0,32.5057731959,420.327586207,28.925862069,1000,98.02,10.0,876
167,95.8630666667,17.3954013378,721.051020408,3.20520833333,100.0,40.8503790412,416.961325967,21.2143646409,95.4807578765,300.07,3.19,91.3
141,90.2911333333,15.1354347826,679.131147541,4.2875,100.0,35.5958138239,418.927777778,20.2694444444,96.5148777552,300.07,3.22,92.3
225,100.0,25.3550947603,1068.18918919,2.31666666667,100.0,9.8691638796,512.407894737,6.44342105263,120.392067371,300.19,4.02,115
61,42.3648666667,20.6879542921,478.5,11.9638297872,100.0,6.53921962096,516.037037037,9.19407407407,1000,282.73,9.98,303
178,100.0,20.8992753623,836.92,2.54468085106,100.0,17.6646822742,418.071823204,11.8093922652,156.608281814,300.17,5.23,150
70,50.6745333333,19.4440802676,506.761658031,11.2573684211,100.0,7.04605351171,521.630136986,9.00821917808,1000,290.87,9.98,295
53,36.5809543568,24.0606597222,457.746666667,12.2102040816,100.0,12.2349308437,497.888888889,11.9145299145,1000,223.56,10.0,384
27,100.0,24.6804799302,481.730769231,6.825,100.0,29.4929842932,415.442477876,24.2716814159,1000,183.47,10.0,468
15,99.9979508197,41.5757162534,440.068965517,9.01428571429,100.0,28.4493526171,415.722222222,30.0777777778,1000,113.66,10.0,756
34,99.9990118577,20.6271957672,499.1,5.26477272727,100.0,20.8610582011,412.510067114,19.3046979866,1000,243.67,10.0,353
186,100.0,22.2168673356,811.36,2.42340425532,100.0,18.279960981,417.668508287,14.1983425414,155.967469128,300.08,5.21,149
3,13.4222608696,49.1242982456,351.565789474,23.8726315789,100.0,21.1300292398,420.441176471,30.1911764706,1000,106.23,9.99,808
76,99.9995102041,24.4637295082,567.715909091,4.84823529412,100.0,11.0177937158,476.661417323,12.562992126,1000,227.28,9.98,377
99,100.0,18.9104236343,696.295081967,2.84745762712,100.0,9.99148829431,413.722222222,9.69055555556,1000,300.11,5.79,166
245,100.0,23.1368896321,1308.46666667,1.38484848485,100.0,7.39056856187,568.088435374,4.69319727891,108.93458678,300.16,3.64,104
163,94.7831007752,30.9817509728,702.0,9.36097560976,100.0,24.2920557717,419.933774834,21.2456953642,361.910864445,248.21,10.0,346
158,91.6792666667,16.4945652174,704.180952381,3.03689320388,100.0,37.0803455964,415.182320442,20.444198895,96.1582020858,300.13,3.21,92.0
246,100.0,21.8405128205,1347.92307692,1.8625,100.0,6.54898550725,585.428571429,5.11746031746,100.41227182,300.11,3.35,96.0
140,92.2653723404,35.6286185383,671.106666667,11.0602409639,100.0,19.4219946809,417.297297297,21.6846846847,502.813042575,178.65,9.99,480
19,100.0,35.5027530864,441.555555556,8.41967213115,100.0,24.2598024691,415.379746835,31.653164557,1000,127.85,10.0,672
88,99.9995604396,24.8462254902,593.914634146,3.86455696203,100.0,11.1145421245,494.576923077,11.0184615385,1000,252.92,9.98,339
32,99.9970355731,20.1572619048,499.933333333,5.89431818182,100.0,21.3636375661,412.503401361,21.1639455782,1000,244.47,10.0,351
151,88.9457,21.1773634337,711.228571429,3.71078431373,100.0,41.5329487179,417.994318182,23.2471590909,185.652038339,300.06,6.20,178
50,34.6417596567,25.6171982759,454.555555556,11.9556338028,100.0,13.9699568966,478.016949153,12.5169491525,1000,216.08,9.98,397
217,99.1547,31.7156187291,902.166666667,4.22638888889,100.0,6.90196767001,511.893333333,7.418,223.796521604,300.09,7.48,214
229,100.0,25.6635953177,1134.85294118,2.1875,100.0,10.1106744705,526.802631579,6.23552631579,118.973493816,300.31,3.98,114
228,100.0,26.4419063545,1118.31428571,1.96470588235,100.0,10.3065273133,527.369127517,6.03020134228,120.141480392,300.18,4.01,115
162,93.8974339623,28.3040467172,712.581395349,8.40595238095,100.0,25.247979798,418.458064516,19.6625806452,351.394431922,255.62,10.0,336
69,50.0329896907,20.7197701149,498.112359551,12.3028409091,100.0,11.595045977,519.567164179,9.32686567164,1000,266.39,9.98,322
179,100.0,21.0564827202,808.92,2.50212765957,100.0,18.648606466,418.20441989,14.4607734807,156.554911136,300.10,5.23,150
134,89.2051666667,23.92106466,658.511811024,6.1608,100.0,33.7417892977,420.831460674,24.6011235955,274.709213517,300.06,9.18,263
18,100.0,36.3462073491,438.366666667,9.10689655172,100.0,26.7738976378,415.802631579,28.5868421053,1000,119.97,10.0,716
16,100.0,39.3172311828,439.440677966,9.17719298246,100.0,19.6743682796,417.743243243,29.8810810811,1000,118.17,10.0,727
232,100.0,26.7201337793,1070.19444444,2.06363636364,100.0,10.5588182832,528.423611111,6.71736111111,126.439493133,300.15,4.22,121
59,41.2398479087,23.358524173,474.012345679,13.00625,100.0,9.70061068702,496.699186992,10.4837398374,1000,240.12,9.98,357
125,84.0688666667,23.5121125975,647.631578947,7.04961832061,100.0,32.3468784838,421.18079096,23.411299435,274.191867587,300.03,9.16,262
235,100.0,26.01196767,1108.97142857,2.265625,100.0,8.65915273133,527.287671233,6.7095890411,124.064840617,300.17,4.15,119
221,100.0,25.1272742475,1091.62162162,2.29117647059,100.0,9.36278149387,515.0,6.06126760563,124.201819991,300.23,4.15,119
213,96.8483,31.5189018952,864.565217391,4.03432835821,100.0,7.32576923077,517.130136986,7.8198630137,229.971365278,300.10,7.66,219
200,97.2345666667,25.5399721293,817.088607595,3.47272727273,100.0,3.49512263099,612.918918919,5.08738738739,206.593165157,299.97,6.88,197
39,99.9994980695,20.3508139535,527.651685393,5.08045977011,100.0,18.2557299742,414.697986577,22.2080536913,1000,250.85,10.0,342
183,100.0,21.5300780379,819.448979592,2.59130434783,100.0,18.8511761427,414.900552486,12.0237569061,157.928113707,300.21,5.28,151
233,100.0,26.5765328874,1051.30555556,1.86363636364,100.0,9.38328316611,524.936170213,7.4475177305,125.467334626,300.09,4.19,120
147,91.1434529148,33.4174624625,701.205128205,10.0688311688,100.0,22.86867713,415.727272727,19.9931818182,419.714601476,214.02,10.0,401
216,98.4150666667,30.8080936455,939.910447761,4.89076923077,100.0,7.04341137124,513.526666667,7.80733333333,225.59154719,300.17,7.54,216
48,33.6269585253,26.936404321,448.367647059,12.8873134328,100.0,12.7661342593,476.091743119,13.9082568807,1000,200.57,9.98,427
149,90.0397115385,34.8464412238,709.072463768,12.6044117647,100.0,19.9492109501,416.305785124,18.273553719,452.045896216,198.72,10.0,432
120,100.0,18.6034559643,722.160714286,2.45,100.0,6.97744147157,562.096,5.844,1000,300.09,5.13,147
131,90.0515789474,37.6796470588,661.2,15.4246376812,100.0,21.2844215686,426.63,24.264,552.243217804,162.66,10.0,528
145,89.5990283401,29.3395257453,685.820224719,8.49770114943,100.0,31.4791869919,422.215277778,22.9388888889,378.49249223,237.32,10.0,362
116,100.0,18.8855406912,709.775862069,2.72678571429,100.0,9.61897435897,563.866141732,6.05039370079,1000,300.08,5.55,159
94,99.9975,18.8643645485,678.857142857,2.98666666667,100.0,13.493690078,413.910614525,10.5932960894,1000,300.09,6.13,176
138,92.0242268041,32.8523056995,675.571428571,11.7934210526,100.0,24.8507426598,419.798245614,21.4219298246,487.868562285,184.12,10.0,467
117,100.0,19.5022073579,714.25862069,2.43272727273,100.0,7.95202898551,562.279069767,6.22015503876,1000,300.15,5.78,165
249,100.0,22.3621850613,1257.11111111,1.84583333333,100.0,7.19708472687,577.748031496,4.69133858268,99.0383072526,300.17,3.31,94.7
46,32.0836521739,24.1469723435,446.340277778,13.7190140845,100.0,11.5877729258,480.75862069,14.175,1000,212.74,9.98,403
190,100.0,18.4882998885,1086.6,1.66333333333,100.0,13.0727257525,412.480874317,11.3568306011,111.768445057,300.15,3.73,107
185,100.0,21.845367893,849.729166667,2.42666666667,100.0,17.9164269788,416.033149171,12.2392265193,154.716939616,300.08,5.17,148
12,99.9971538462,38.7226873385,428.442622951,7.70875,100.0,24.8095219638,421.746666667,30.7586666667,1000,121.31,10.0,708
243,100.0,22.1907023411,1224.07142857,1.85,100.0,6.97716833891,572.93442623,5.14262295082,108.392728009,300.15,3.62,104
139,89.03765625,33.6203141361,669.554054054,14.2930555556,100.0,24.4448429319,421.401785714,22.2705357143,492.173188099,182.51,10.0,471
51,34.5837542662,20.4352111872,458.664835165,11.0294444444,100.0,11.7747317352,495.020833333,9.92569444444,1000,271.51,9.98,316
81,100.0,26.0901393939,599.406976744,3.84880952381,100.0,10.9152536232,494.798449612,10.5248062016,1000,254.32,9.99,337
126,85.782007722,27.6728875969,633.637168142,8.69189189189,100.0,27.0413501292,423.72,21.168,358.832487248,250.32,10.0,343
227,100.0,25.4740245262,1195.20588235,2.10625,100.0,9.24199554069,526.744827586,6.28137931034,119.765170732,300.12,4.00,115
195,100.0,18.1493143813,1042.93333333,1.73214285714,100.0,17.6530713489,415.406593407,10.4840659341,112.673732907,300.24,3.77,108
7,11.6400833333,44.9031792717,365.1625,16.4794871795,100.0,17.403627451,420.887323944,30.0873239437,1000,111.73,9.99,768
8,14.142601626,47.3176639344,365.444444444,16.1949367089,100.0,21.631215847,426.887323944,31.685915493,1000,114.60,10.0,749
17,100.0,37.8032428941,440.31147541,9.27966101695,100.0,24.7979844961,415.315789474,32.0460526316,1000,121.43,10.0,707
63,44.9784067797,22.5042970522,478.93989071,13.1198895028,100.0,9.31595804989,517.617647059,9.12352941176,1000,267.48,9.98,320
219,100.0,25.2901783724,1120.35135135,2.35714285714,100.0,8.15518394649,511.863013699,6.37534246575,125.513829576,300.31,4.20,120
80,100.0,29.5341631206,587.222222222,5.05189873418,100.0,12.910035461,475.777777778,12.4863247863,1000,218.67,9.99,392
129,87.5550819672,34.4728571429,642.298701299,12.8894736842,100.0,24.9923076923,420.907407407,22.9981481481,517.67634237,173.52,10.0,495
191,100.0,18.6578149387,1015.70967742,1.69655172414,100.0,14.6341527313,411.657458564,10.5591160221,112.209021255,300.07,3.75,107
123,81.2048333333,15.355613155,629.925373134,2.12045454545,100.0,36.8972686734,422.346820809,20.1861271676,96.8308569943,300.10,3.24,92.6
47,33.5996788991,24.1897619048,448.890510949,13.8385185185,100.0,13.6092737003,477.482142857,14.5214285714,1000,201.73,9.98,425
4,11.7281081081,55.3184848485,358.297297297,20.2041666667,100.0,30.6207878788,420.5,34.1296875,1000,103.13,10.0,833
29,99.9993650794,26.2972074468,480.935064935,6.27333333333,100.0,24.0233421986,415.403669725,27.2486238532,1000,180.89,10.0,475
153,89.754877193,28.3331044601,714.884210526,6.05913978495,100.0,26.0386737089,415.958083832,20.8556886228,322.185767954,278.79,10.0,308
107,75.5993,20.4800947603,591.64375,7.39620253165,100.0,9.3180490524,616.592920354,5.36991150442,1000,300.00,7.02,201
173,96.4694223827,30.5298792271,748.939759036,7.89375,100.0,19.9554873646,417.09202454,17.2582822086,337.128124151,266.45,10.0,322
152,89.3561,24.3999442586,703.037735849,5.75673076923,100.0,31.7912931996,414.066666667,21.9311111111,268.456163589,300.02,8.97,257
201,96.6657666667,28.1075696767,869.075949367,4.04390243902,100.0,7.85943701226,609.765217391,5.16086956522,203.20773783,300.05,6.77,194
55,38.5628671329,21.4409415205,463.693181818,12.3,100.0,7.22362573099,494.957446809,11.1361702128,1000,263.42,9.98,325
68,48.5025631769,20.7919323671,490.803571429,11.2,100.0,6.5898852657,515.677419355,9.88709677419,1000,254.07,10.0,338
250,100.0,23.0452675585,1230.0,1.808,100.0,6.69760312152,572.227272727,4.6553030303,99.033147206,300.11,3.31,94.7
43,29.6415948276,24.2964862915,440.682432432,13.2397260274,100.0,12.2912770563,476.327731092,12.9058823529,1000,212.02,9.99,405
25,99.9972972973,26.1312318841,473.671052632,7.44864864865,100.0,24.2792844203,415.733944954,24.3770642202,1000,176.68,10.0,486
148,90.588364486,33.6336463224,695.311688312,10.6813333333,100.0,19.0551251956,417.232,20.2584,438.562967171,204.82,10.0,419
38,100.0,20.3813553826,520.988888889,5.10909090909,100.0,16.0872827497,412.618421053,18.8855263158,1000,249.83,10.0,344
169,96.7675666667,25.8985785953,719.234042553,5.925,100.0,29.4869397993,415.301675978,21.8592178771,262.217713219,300.09,8.76,251
204,95.6660333333,28.2221627648,836.394736842,3.04054054054,100.0,2.57316053512,612.456140351,4.98859649123,199.084727947,300.00,6.63,190
197,100.0,18.9169565217,1050.1,1.72962962963,100.0,13.6388294314,409.415300546,10.3573770492,109.855176191,300.06,3.67,105
182,100.0,21.2300724638,807.5,2.52553191489,100.0,18.5188405797,419.05,14.9822222222,157.965337563,300.08,5.28,151
111,78.8361,20.3498717949,598.044585987,7.21225806452,100.0,5.00421962096,615.946428571,5.91517857143,1000,300.00,7.53,216
239,100.0,25.3741360089,1142.3030303,2.24193548387,100.0,11.0761092531,535.807142857,7.34857142857,126.207567921,300.13,4.22,121
247,100.0,22.5112151616,1217.10714286,1.65769230769,100.0,7.12533444816,582.508196721,4.84344262295,98.3321330712,300.05,3.28,94.0
135,89.7689694656,25.4016411239,656.514018692,8.43333333333,100.0,28.0328180662,418.607843137,21.5437908497,354.39138844,253.45,10.0,339
187,100.0,18.7191081382,1017.75,1.7724137931,100.0,15.0360367893,410.300546448,10.2672131148,111.561627831,300.10,3.73,107
143,88.2837,24.6933890747,683.876106195,5.99369369369,100.0,30.089632107,415.944444444,21.2016666667,272.06262955,300.03,9.09,260
133,89.5543333333,20.019960981,652.4296875,4.37619047619,100.0,30.9790802676,417.440677966,19.5028248588,187.711272713,300.03,6.27,180
41,28.9036956522,25.4267176128,434.455782313,13.7096551724,100.0,14.5211594203,477.513274336,12.1486725664,1000,210.13,9.99,408
114,100.0,18.6117168339,757.035087719,2.51481481481,100.0,8.76215719064,563.834645669,6.47322834646,1000,300.24,5.37,154
122,100.0,18.8751393534,754.290909091,2.52452830189,100.0,7.28590858417,562.015748031,5.97401574803,1000,300.22,5.24,150
5,12.8820175439,50.9939823009,359.263157895,17.872972973,100.0,27.6169026549,421.121212121,31.8439393939,1000,105.75,9.99,812
97,99.9996,19.1655072464,685.370967742,2.60666666667,100.0,12.5005908584,413.900552486,9.70662983425,1000,300.06,5.93,170
230,100.0,26.4822519509,1077.31428571,2.04545454545,100.0,10.3572630992,528.217687075,7.12857142857,128.420772126,300.21,4.29,123
210,97.4175,29.8638851728,896.527777778,4.86714285714,100.0,9.08525641026,514.960784314,8.1522875817,234.965986708,300.32,7.86,225
189,100.0,17.8502564103,1095.55172414,1.82592592593,100.0,12.7128037904,409.225274725,10.7368131868,111.858336256,300.20,3.74,107
236,100.0,25.3975975474,1111.73529412,2.0625,100.0,9.64564102564,529.809859155,6.90070422535,126.173425206,300.33,4.22,121
113,99.9996,18.6465496098,745.087719298,2.56727272727,100.0,7.81753065775,564.1484375,5.86328125,1000,300.13,5.35,153
211,96.9750333333,31.0173968785,873.328767123,3.57887323944,100.0,6.89748606466,514.602649007,7.7119205298,217.406060365,300.11,7.26,208
101,99.9996,19.0480100334,694.233333333,2.75862068966,100.0,11.6148439242,412.20441989,9.24254143646,1000,300.09,5.77,165
128,87.7291752577,33.2761226252,639.694117647,12.6833333333,100.0,25.8238255613,427.285714286,25.7080357143,485.48841829,185.02,10.0,464
220,100.0,25.3562151616,1102.33333333,2.16176470588,100.0,8.86774804905,511.048275862,6.26413793103,122.527645863,300.11,4.09,117
67,48.2303,21.6787792642,498.420765027,12.1038674033,100.0,5.95683946488,516.619402985,8.97388059701,1000,277.59,9.98,309
22,99.999281768,26.8590185185,460.706666667,6.87123287671,100.0,28.3724907407,415.342857143,26.3180952381,1000,172.69,10.0,497
170,97.0376333333,28.5795317726,731.648351648,7.36404494382,100.0,25.1704236343,418.119318182,19.1051136364,306.529379006,293.04,10.0,293
87,99.9985660377,25.0728977273,611.784810127,4.19736842105,100.0,12.2566666667,498.550387597,10.6689922481,1000,244.48,9.99,351
205,96.7627333333,29.0357692308,832.493150685,3.05138888889,100.0,5.35555183946,611.322033898,5.37457627119,200.218052096,300.06,6.68,191
100,100.0,18.790657748,707.316666667,2.58793103448,100.0,10.0203790412,413.301675978,10.2145251397,1000,300.13,5.75,164
192,100.0,18.8543756968,1066.90322581,1.76785714286,100.0,12.6473467113,413.752747253,10.2637362637,110.698767795,300.45,3.70,106
35,99.9995555556,19.8833085502,515.041666667,5.40744680851,100.0,24.1821189591,417.113207547,18.7308176101,1000,261.92,10.0,328
121,100.0,19.195206243,747.607142857,2.51296296296,100.0,6.11088071349,561.792,6.1352,1000,300.16,5.44,156
127,86.1213242009,31.0510321101,640.627659574,11.1485148515,100.0,27.4694444444,426.1796875,25.3609375,428.171769854,209.78,10.0,409
45,31.3895719844,22.5900325521,443.302469136,11.78125,100.0,11.3123632813,476.266666667,12.8259259259,1000,238.50,10.0,360
86,99.9990974729,24.4892451691,617.585365854,3.89240506329,100.0,11.9095169082,496.492537313,10.2805970149,1000,257.01,9.98,334
95,99.9991666667,18.8057525084,704.032258065,2.86666666667,100.0,10.0812820513,412.223463687,10.5664804469,1000,300.05,5.86,168
175,96.4616296296,31.7896716233,742.158536585,10.16625,100.0,16.6255987654,416.930379747,16.6392405063,345.910576819,259.70,10.0,331
6,12.6816363636,51.7151834862,358.643835616,18.138028169,100.0,23.8722324159,421.415384615,31.1353846154,1000,101.21,9.98,847
14,99.999047619,39.61468,431.316666667,9.35,100.0,28.10572,420.095890411,30.7671232877,1000,117.84,10.0,729
199,96.0603333333,25.3343088071,862.769230769,3.33421052632,100.0,2.45105908584,610.053097345,4.95752212389,203.632338561,300.07,6.78,194
207,95.8475666667,28.5182329989,874.552631579,3.63243243243,100.0,2.3152173913,614.5,5.05689655172,201.826067329,300.14,6.72,192
115,100.0,19.2568784838,700.440677966,2.7298245614,100.0,7.96180602007,564.426356589,6.34418604651,1000,300.05,5.56,159
60,42.8286642599,22.3594263285,475.323529412,11.7857142857,100.0,6.95689009662,496.271317829,10.5341085271,1000,255.73,9.98,335
62,44.9184353741,21.5257110353,481.70718232,15.8274611399,100.0,11.2022127418,516.715328467,9.20802919708,1000,266.43,9.98,322
84,100.0,24.8138705739,586.511904762,4.33414634146,100.0,9.41731751825,496.419847328,11.7351145038,1000,251.38,9.99,341
78,100.0,24.8443043478,589.7625,4.70769230769,100.0,12.0576086957,475.262711864,13.1279661017,1000,213.96,9.99,401
37,99.9980314961,20.2335902503,505.897727273,5.10813953488,100.0,17.9351844532,412.43537415,23.5238095238,1000,246.66,10.0,348
93,100.0,18.7873467113,673.126984127,2.64754098361,100.0,15.113729097,414.188888889,9.72944444444,1000,300.13,6.01,172
11,100.0,35.95908,428.672131148,9.47627118644,100.0,17.0715733333,420.266666667,29.584,1000,117.60,10.0,730
155,90.1126122449,30.5943306011,729.708860759,8.22987012987,100.0,25.2839002732,418.166666667,21.7354166667,381.579730728,235.42,10.0,365
23,100.0,26.0759904762,467.0,7.17464788732,100.0,23.4193714286,416.519607843,28.0039215686,1000,167.78,10.0,512
49,34.5318803419,25.740851216,448.831081081,10.2164383562,100.0,9.53745014245,475.844262295,13.0631147541,1000,221.01,9.98,388
159,91.3796666667,21.7767279822,719.686868687,4.15154639175,100.0,36.0280379041,416.079096045,23.5429378531,184.757708378,300.06,6.17,177
176,100.0,21.3963768116,817.509803922,2.46041666667,100.0,21.9862653289,416.56043956,14.5126373626,161.167439912,300.11,5.38,154
172,96.0760661765,29.6615375154,737.12195122,8.4325,100.0,23.6418315018,418.01875,20.514375,342.004492793,262.65,10.0,327
